{
	"partitions" : [
		{
			"name" : "Top",
			"pins" : [
				{
					"name" : "Tx",
					"strict" : false
				},
				{
					"name" : "data[0]",
					"strict" : false
				},
				{
					"name" : "data[1]",
					"strict" : false
				},
				{
					"name" : "data[2]",
					"strict" : false
				},
				{
					"name" : "data[3]",
					"strict" : false
				},
				{
					"name" : "data[4]",
					"strict" : false
				},
				{
					"name" : "data[5]",
					"strict" : false
				},
				{
					"name" : "data[6]",
					"strict" : false
				},
				{
					"name" : "data[7]",
					"strict" : false
				},
				{
					"name" : "tx_data[1]",
					"strict" : false
				},
				{
					"name" : "tx_data[2]",
					"strict" : false
				},
				{
					"name" : "tx_data[3]",
					"strict" : false
				},
				{
					"name" : "tx_data[4]",
					"strict" : false
				},
				{
					"name" : "tx_data[5]",
					"strict" : false
				},
				{
					"name" : "tx_data[6]",
					"strict" : false
				},
				{
					"name" : "tx_data[7]",
					"strict" : false
				},
				{
					"name" : "rst",
					"strict" : false
				},
				{
					"name" : "Rx",
					"strict" : false
				},
				{
					"name" : "clk",
					"strict" : false
				}
			]
		}
	]
}