{
	"system" : {
		"platform" : "windows64",
		"os_name" : "Windows 10",
		"os_version" : "10.0"
	},
	"error" : {
		"executable" : "quartus",
		"comment" : "not_applicable",
		"error_message" : "Access Violation at 0X00000040000948E0",
		"source_file" : "unknown",
		"line" : "0",
		"stack_trace" : "\t0x40000948df:\n\t 0x527319ac: QtCore4 + 0x1119ac (?cast@QMetaObject@@QEBAPEBVQObject@@PEBV2@@Z + 0x1c)\n\t 0x5202612a: QtGui4 + 0x3a612a (?eventFilter@QMdiArea@@MEAA_NPEAVQObject@@PEAVQEvent@@@Z + 0x6a)\n\t 0x52730492: QtCore4 + 0x110492 (?sendThroughApplicationEventFilters@QCoreApplicationPrivate@@QEAA_NPEAVQObject@@PEAVQEvent@@@Z + 0x92)\n\t 0x51ca2ebd: QtGui4 + 0x22ebd (?notify_helper@QApplicationPrivate@@QEAA_NPEAVQObject@@PEAVQEvent@@@Z + 0x1d)\n\t 0x51ca2c2f: QtGui4 + 0x22c2f (?notify@QApplication@@UEAA_NPEAVQObject@@PEAVQEvent@@@Z + 0x17bf)\n\t 0x5272e67b: QtCore4 + 0x10e67b (?notifyInternal@QCoreApplication@@AEAA_NPEAVQObject@@PEAVQEvent@@@Z + 0x7b)\n\t 0x51c9e1b2: QtGui4 + 0x1e1b2 (?enterModal@QApplicationPrivate@@SAXPEAVQWidget@@@Z + 0x172)\n\t 0x51cf1f36: QtGui4 + 0x71f36 (?show_helper@QWidgetPrivate@@QEAAXXZ + 0x226)\n\t 0x51cf0ae8: QtGui4 + 0x70ae8 (?setVisible@QWidget@@UEAAX_N@Z + 0x308)\n\t 0x520a75ed: QtGui4 + 0x4275ed (?setVisible@QDialog@@UEAAX_N@Z + 0xcd)\n\t 0x520a68d1: QtGui4 + 0x4268d1 (?exec@QDialog@@QEAAHXZ + 0xa1)\n\t0x7ffdc1cd1552: prj_prdq + 0x51552 (prdq_dyn_options_dlg + 0x82)\n\t0x7ffdc093fa6f: SYS_QUI + 0x5fa6f (?options_action@QUI_TOOLS_MENU@@UEAAXXZ + 0x8f)\n\t 0x5273d1f0: QtCore4 + 0x11d1f0 (?activate@QMetaObject@@SAXPEAVQObject@@PEBU1@HPEAPEAX@Z + 0x520)\n\t 0x51c8a2cf: QtGui4 + 0xa2cf (?activate@QAction@@QEAAXW4ActionEvent@1@@Z + 0xdf)\n\t 0x52038ae3: QtGui4 + 0x3b8ae3 (?actionGeometry@QMenu@@QEBA?AVQRect@@PEAVQAction@@@Z + 0x443)\n\t 0x52038975: QtGui4 + 0x3b8975 (?actionGeometry@QMenu@@QEBA?AVQRect@@PEAVQAction@@@Z + 0x2d5)\n\t 0x51ce1dc4: QtGui4 + 0x61dc4 (?event@QWidget@@MEAA_NPEAVQEvent@@@Z + 0xd4)\n\t 0x52039814: QtGui4 + 0x3b9814 (?event@QMenu@@MEAA_NPEAVQEvent@@@Z + 0x284)\n\t 0x51ca2f95: QtGui4 + 0x22f95 (?notify_helper@QApplicationPrivate@@QEAA_NPEAVQObject@@PEAVQEvent@@@Z + 0xf5)\n\t 0x51ca1b8e: QtGui4 + 0x21b8e (?notify@QApplication@@UEAA_NPEAVQObject@@PEAVQEvent@@@Z + 0x71e)\n\t 0x5272e67b: QtCore4 + 0x10e67b (?notifyInternal@QCoreApplication@@AEAA_NPEAVQObject@@PEAVQEvent@@@Z + 0x7b)\n\t 0x51ca5dee: QtGui4 + 0x25dee (?sendMouseEvent@QApplicationPrivate@@SA_NPEAVQWidget@@PEAVQMouseEvent@@00PEAPEAV2@AEAV?$QPointer@VQWidget@@@@_N@Z + 0x1de)\n\t 0x51d06626: QtGui4 + 0x86626 (?trUtf8@QScrollBar@@SA?AVQString@@PEBD0H@Z + 0x10b6)\n\t 0x51d0a361: QtGui4 + 0x8a361 (?winMouseButtonUp@QApplication@@SAXXZ + 0x2761)\n\t0x7ffe1c2ae839: USER32 + 0xe839 (CallWindowProcW + 0x649)\n\t0x7ffe1c2cccb1: USER32 + 0x2ccb1 (TranslateMessage + 0x291)\n\t 0x52753982: QtCore4 + 0x133982 (?processEvents@QEventDispatcherWin32@@UEAA_NV?$QFlags@W4ProcessEventsFlag@QEventLoop@@@@@Z + 0x3e2)\n\t 0x51d02074: QtGui4 + 0x82074 (?openPopup@QApplicationPrivate@@QEAAXPEAVQWidget@@@Z + 0x204)\n\t 0x5272ecc9: QtCore4 + 0x10ecc9 (?processEvents@QCoreApplication@@SAXV?$QFlags@W4ProcessEventsFlag@QEventLoop@@@@@Z + 0x49)\n\t0x7ffdc08f38a6: SYS_QUI + 0x138a6 (qui_call_app_process_event + 0x36)\n\t0x7ffdc67d1533: ccl_thr + 0x1533 (thr_qt_process_events + 0x43)\n\t0x7ffdbae24fc9: sys_flow + 0x4fc9 (?flow_call_cmd@@YA?AW4GEN_EXE_RETURN_CODE@@PEAVFLOW_FACADE@@PEBD@Z + 0x289)\n\t0x7ffdbae37097: sys_flow + 0x17097 (?flow_generic_utility_call@@YA?AW4GEN_EXE_RETURN_CODE@@PEAVFLOW_FACADE@@PEBD1@Z + 0x67)\n\t0x7ffdbae3767f: sys_flow + 0x1767f (?flow_generic_utility_module@@YA?AW4GEN_EXE_RETURN_CODE@@PEAVFLOW_FACADE@@PEBD1@Z + 0xbf)\n\t0x7ffdbae2defe: sys_flow + 0xdefe (?flow_rtl_simulation@@YA?AW4GEN_EXE_RETURN_CODE@@PEAVFLOW_FACADE@@UFLOW_INFO@@@Z + 0x17e)\n\t0x7ffdbae3b21f: sys_flow + 0x1b21f (flow_execute_custom + 0x8bf)\n\t0x7ffd855471e9: resr_tmwq + 0x271e9 (?start_next_task@TMWQ_TREE@@IEAAX_N@Z + 0x959)\n\t0x7ffd85546876: resr_tmwq + 0x26876 (?start@TMWQ_TREE@@IEAA_NPEAVTMWQ_ITEM@@@Z + 0x1d6)\n\t0x7ffd8553f0bc: resr_tmwq + 0x1f0bc (?on_start@TMWQ_TREE@@IEAAXAEBVQModelIndex@@@Z + 0x39c)\n\t0x7ffd8553e382: resr_tmwq + 0x1e382 (?on_double_click_text@TMWQ_TREE@@QEAAXAEBVQModelIndex@@@Z + 0x122)\n\t 0x5273d1f0: QtCore4 + 0x11d1f0 (?activate@QMetaObject@@SAXPEAVQObject@@PEBU1@HPEAPEAX@Z + 0x520)\n\t 0x520ee599: QtGui4 + 0x46e599 (?doubleClicked@QAbstractItemView@@IEAAXAEBVQModelIndex@@@Z + 0x29)\n\t 0x52128eab: QtGui4 + 0x4a8eab (?mouseDoubleClickEvent@QTreeView@@MEAAXPEAVQMouseEvent@@@Z + 0x15b)\n\t 0x51ce1dd8: QtGui4 + 0x61dd8 (?event@QWidget@@MEAA_NPEAVQEvent@@@Z + 0xe8)\n\t 0x520054e6: QtGui4 + 0x3854e6 (?event@QFrame@@MEAA_NPEAVQEvent@@@Z + 0x36)\n\t 0x520f87ec: QtGui4 + 0x4787ec (?viewportEvent@QAbstractItemView@@MEAA_NPEAVQEvent@@@Z + 0x4ac)\n\t0x7ffdbcd24d76: GCL_AFCQ + 0xb4d76 (?viewportEvent@AFCQ_TREE_VIEW@@MEAA_NPEAVQEvent@@@Z + 0x2b6)\n\t 0x52730552: QtCore4 + 0x110552 (?sendThroughObjectEventFilters@QCoreApplicationPrivate@@QEAA_NPEAVQObject@@PEAVQEvent@@@Z + 0x82)\n\t 0x51ca2f81: QtGui4 + 0x22f81 (?notify_helper@QApplicationPrivate@@QEAA_NPEAVQObject@@PEAVQEvent@@@Z + 0xe1)\n\t 0x51ca1b8e: QtGui4 + 0x21b8e (?notify@QApplication@@UEAA_NPEAVQObject@@PEAVQEvent@@@Z + 0x71e)\n\t 0x5272e67b: QtCore4 + 0x10e67b (?notifyInternal@QCoreApplication@@AEAA_NPEAVQObject@@PEAVQEvent@@@Z + 0x7b)\n\t 0x51ca5dee: QtGui4 + 0x25dee (?sendMouseEvent@QApplicationPrivate@@SA_NPEAVQWidget@@PEAVQMouseEvent@@00PEAPEAV2@AEAV?$QPointer@VQWidget@@@@_N@Z + 0x1de)\n\t 0x51d069b0: QtGui4 + 0x869b0 (?trUtf8@QScrollBar@@SA?AVQString@@PEBD0H@Z + 0x1440)\n\t 0x51d0a361: QtGui4 + 0x8a361 (?winMouseButtonUp@QApplication@@SAXXZ + 0x2761)\n\t0x7ffe1c2ae839: USER32 + 0xe839 (CallWindowProcW + 0x649)\n\t0x7ffe1c2cccb1: USER32 + 0x2ccb1 (TranslateMessage + 0x291)\n\t 0x52753982: QtCore4 + 0x133982 (?processEvents@QEventDispatcherWin32@@UEAA_NV?$QFlags@W4ProcessEventsFlag@QEventLoop@@@@@Z + 0x3e2)\n\t 0x51d02074: QtGui4 + 0x82074 (?openPopup@QApplicationPrivate@@QEAAXPEAVQWidget@@@Z + 0x204)\n\t 0x5272b5db: QtCore4 + 0x10b5db (?exec@QEventLoop@@QEAAHV?$QFlags@W4ProcessEventsFlag@QEventLoop@@@@@Z + 0x22b)\n\t 0x5272dbbf: QtCore4 + 0x10dbbf (?exec@QCoreApplication@@SAHXZ + 0xdf)\n\t0x7ff60f90198b: quartus + 0x198b (?qgq_main@@YAHHPEAPEBD@Z + 0x8b)\n\t0x7ffdc2183258: CCL_MSG + 0x13258 (?msg_main_thread@@YAPEAXPEAX@Z + 0x18)\n\t0x7ffdc2184a5e: CCL_MSG + 0x14a5e (?msg_thread_wrapper@@YAPEAXP6APEAXPEAX@Z0@Z + 0x6e)\n\t0x7ffdd1a36af0: ccl_mem + 0x16af0 (?mem_thread_wrapper@@YAPEAXP6APEAXPEAX@Z0@Z + 0x70)\n\t0x7ffdc2182af1: CCL_MSG + 0x12af1 (?msg_exe_main@@YAHHPEAPEBDP6AHH0@Z@Z + 0xa1)\n\t0x7ff60f902777: quartus + 0x2777 (WinMain + 0x127)\n\t0x7ff60f901f40: quartus + 0x1f40 (__tmainCRTStartup + 0x148)\n\t0x7ffe1c83e8d6: KERNEL32 + 0x2e8d6 (BaseThreadInitThunk + 0x16)\n\t0x7ffe1da9c5db: ntdll + 0x9c5db (RtlUserThreadStart + 0x2b)\n",
		"subsystem" : "unknown"
	},
	"quartus" : {
		"quartus_bits" : "64",
		"version" : "20.1.1",
		"build" : "720",
		"edition" : "Lite Edition"
	}
}