# Copyright (C) 2022  Intel Corporation. All rights reserved.
# Your use of Intel Corporation's design tools, logic functions 
# and other software and tools, and any partner logic 
# functions, and any output files from any of the foregoing 
# (including device programming or simulation files), and any 
# associated documentation or information are expressly subject 
# to the terms and conditions of the Intel Program License 
# Subscription Agreement, the Intel Quartus Prime License Agreement,
# the Intel FPGA IP License Agreement, or other applicable license
# agreement, including, without limitation, that your use is for
# the sole purpose of programming logic devices manufactured by
# Intel and sold by Intel or its authorized distributors.  Please
# refer to the applicable agreement for further details, at
# https://fpgasoftware.intel.com/eula.

# Quartus Prime Version 22.1std.0 Build 915 10/25/2022 SC Lite Edition
# File: C:\Users\Raspi\Documents\S4\ECD\Uart.csv
# Generated on: Tue May 20 22:31:17 2025

# Note: The column header names should not be changed if you wish to import this .csv file into the Quartus Prime software.

To,Direction,Location,I/O Bank,VREF Group,Fitter Location,I/O Standard,Reserved,Current Strength,Slew Rate,Differential Pair,Strict Preservation
Rx,Input,PIN_D3,8,B8_N0,PIN_G1,,,,,,
Tx,Output,PIN_B12,7,B7_N0,PIN_J1,,,,,,
clk,Input,PIN_R8,3,B3_N0,PIN_E1,,,,,,
data[7],Output,PIN_L3,2,B2_N0,PIN_C2,,,,,,
data[6],Output,PIN_B1,1,B1_N0,PIN_F1,,,,,,
data[5],Output,PIN_F3,1,B1_N0,PIN_F3,,,,,,
data[4],Output,PIN_D1,1,B1_N0,PIN_D1,,,,,,
data[3],Output,PIN_A11,7,B7_N0,PIN_F2,,,,,,
data[2],Output,PIN_B13,7,B7_N0,PIN_G5,,,,,,
data[1],Output,PIN_A13,7,B7_N0,PIN_J2,,,,,,
data[0],Output,PIN_A15,7,B7_N0,PIN_G2,,,,,,
rst,Input,,,,PIN_M2,,,,,,
tx_ctr,Input,,,,PIN_R4,,,,,,
tx_data[7],Output,,,,PIN_D11,,,,,,
tx_data[6],Output,,,,PIN_P6,,,,,,
tx_data[5],Output,,,,PIN_N6,,,,,,
tx_data[4],Output,,,,PIN_R10,,,,,,
tx_data[3],Output,,,,PIN_A6,,,,,,
tx_data[2],Output,,,,PIN_L4,,,,,,
tx_data[1],Output,,,,PIN_A15,,,,,,
tx_data[0],Output,,,,PIN_N12,,,,,,
