# Copyright (C) 2022  Intel Corporation. All rights reserved.
# Your use of Intel Corporation's design tools, logic functions 
# and other software and tools, and any partner logic 
# functions, and any output files from any of the foregoing 
# (including device programming or simulation files), and any 
# associated documentation or information are expressly subject 
# to the terms and conditions of the Intel Program License 
# Subscription Agreement, the Intel Quartus Prime License Agreement,
# the Intel FPGA IP License Agreement, or other applicable license
# agreement, including, without limitation, that your use is for
# the sole purpose of programming logic devices manufactured by
# Intel and sold by Intel or its authorized distributors.  Please
# refer to the applicable agreement for further details, at
# https://fpgasoftware.intel.com/eula.

# Quartus Prime Version 22.1std.0 Build 915 10/25/2022 SC Lite Edition
# File: C:\Users\Raspi\Documents\S4\ECD\Uart_assignments.csv
# Generated on: Tue May 20 22:32:57 2025

Status,From,To,Assignment Name,Value,Enabled,Entity,Comment,Tag
Ok,,data[7],Location,PIN_L3,Yes,,,
Ok,,data[6],Location,PIN_B1,Yes,,,
Ok,,data[5],Location,PIN_F3,Yes,,,
Ok,,data[4],Location,PIN_D1,Yes,,,
Ok,,data[3],Location,PIN_A11,Yes,,,
Ok,,data[2],Location,PIN_B13,Yes,,,
Ok,,data[1],Location,PIN_A13,Yes,,,
Ok,,data[0],Location,PIN_A15,Yes,,,
Ok,,Rx,Location,PIN_D3,Yes,,,
Ok,,Tx,Location,PIN_B12,Yes,,,
Ok,,clk,Location,PIN_R8,Yes,,,
,<<new>>,<<new>>,<<new>>,,,,,
